date,name,type,week_num,notes
2026-01-01,元旦,大众节日,1,
2026-01-05,小寒,二十四节气,2,
2026-01-20,大寒,二十四节气,4,
2026-01-21,世界拥抱日,小众节点,4,
2026-01-24,国际教育日,小众节点,4,
2026-02-02,世界湿地日,小众节点,6,
2026-02-04,世界癌症日,小众节点,6,
2026-02-04,立春,二十四节气,6,
2026-02-10,国际气象节,小众节点,7,
2026-02-14,情人节,大众节日,7,
2026-02-16,除夕,大众节日,8,春节前一天
2026-02-17,春节,大众节日,8,农历正月初一
2026-02-18,雨水,二十四节气,8,
2026-02-24,返工季,大众节日,9,春节后第一个工作日约正月初八前后
2026-02-27,国际北极熊日,小众节点,9,
2026-02-28,国际罕见病日,小众节点,9,
2026-03-03,世界野生动植物日,小众节点,10,
2026-03-03,全国爱耳日,小众节点,10,
2026-03-03,元宵节,大众节日,10,农历正月十五
2026-03-05,惊蛰,二十四节气,10,
2026-03-08,妇女节,大众节日,10,
2026-03-12,中国植树节,大众节日,11,
2026-03-14,白色情人节,大众节日,11,
2026-03-14,国际数学日,小众节点,11,
2026-03-15,消费者权益保护日,大众节日,11,
2026-03-17,国际航海日,小众节点,12,
2026-03-18,世界回收日,小众节点,12,
2026-03-18,全国爱肝日,小众节点,12,
2026-03-20,国际幸福日,小众节点,12,
2026-03-20,世界口腔健康日,小众节点,12,
2026-03-20,春分,二十四节气,12,
2026-03-20,龙抬头,大众节日,12,农历二月初二
2026-03-21,世界睡眠日,小众节点,12,
2026-03-21,世界森林日,小众节点,12,
2026-03-21,世界诗歌日,小众节点,12,
2026-03-22,世界水日,小众节点,12,
2026-03-23,国际小狗日,小众节点,13,
2026-03-27,世界戏剧日,小众节点,13,
2026-03-29,地球一小时,大众节日,13,3月最后一个周六(20:30)
2026-04-01,愚人节,大众节日,14,
2026-04-01,国际爱鸟日,小众节点,14,
2026-04-02,世界孤独症关注日,小众节点,14,
2026-04-02,国际枕头大战日,小众节点,14,
2026-04-04,清明,二十四节气,14,同时为法定假日
2026-04-07,世界卫生日,小众节点,15,
2026-04-08,国际珍稀动物保护日,小众节点,15,
2026-04-09,国际护胃日,小众节点,15,
2026-04-12,世界航天日,小众节点,15,
2026-04-13,泼水节,大众节日,16,4月13-15日
2026-04-15,全国抗癌日,小众节点,16,
2026-04-16,世界嗓音日,小众节点,16,
2026-04-18,国际古迹遗址日,小众节点,16,
2026-04-19,三月三,大众节日,16,农历三月初三
2026-04-20,全民饮茶日,小众节点,17,
2026-04-20,联合国中文日,小众节点,17,
2026-04-20,世界痛风日,小众节点,17,
2026-04-20,谷雨,二十四节气,17,
2026-04-22,世界地球日,大众节日,17,
2026-04-23,世界读书日,大众节日,17,
2026-04-24,中国航天日,小众节点,17,
2026-04-26,世界知识产权日,小众节点,17,
2026-04-29,国际导盲犬日,小众节点,18,
2026-04-30,国际不打小孩日,小众节点,18,
2026-05-01,劳动节,大众节日,18,
2026-05-04,五四青年节,大众节日,19,
2026-05-05,立夏,二十四节气,19,
2026-05-08,世界微笑日,小众节点,19,
2026-05-08,世界红十字日,小众节点,19,
2026-05-09,中华白海豚保护宣传日,小众节点,19,
2026-05-10,中国品牌日,小众节点,19,
2026-05-10,母亲节,大众节日,19,5月第2个周日(周日=6)
2026-05-12,国际护士节,小众节点,20,
2026-05-15,国际家庭日,小众节点,20,
2026-05-17,世界电信日,小众节点,20,
2026-05-17,世界高血压日,小众节点,20,
2026-05-17,全国助残日,小众节点,20,
2026-05-18,国际博物馆日,小众节点,21,
2026-05-20,520网络情人节,大众节日,21,
2026-05-20,世界蜜蜂日,小众节点,21,
2026-05-21,国际茶日,小众节点,21,
2026-05-21,小满,二十四节气,21,
2026-05-22,国际生物多样性日,小众节点,21,
2026-05-25,525我爱我日,小众节点,22,
2026-05-25,全国护肤日,小众节点,22,
2026-05-25,国际儿童失踪日,小众节点,22,
2026-05-28,世界水獭日,小众节点,22,5月最后一个周三
2026-05-28,国际月经日,小众节点,22,
2026-05-29,世界肠道健康日,小众节点,22,
2026-05-30,全国科技工作者日,小众节点,22,
2026-05-31,世界无烟日,小众节点,22,
2026-06-01,儿童节,大众节日,23,
2026-06-01,世界牛奶日,小众节点,23,
2026-06-03,世界自行车日,小众节点,23,
2026-06-04,全球跑步日,小众节点,23,6月第1个周三
2026-06-05,世界环境日,小众节点,23,
2026-06-05,芒种,二十四节气,23,
2026-06-06,全国爱眼日,小众节点,23,
2026-06-08,世界海洋日,小众节点,24,
2026-06-14,世界献血者日,小众节点,24,
2026-06-14,文化和自然遗产日,小众节点,24,6月第2个周六
2026-06-17,世界防治荒漠化与干旱日,小众节点,25,
2026-06-18,618大促,大众节日,25,电商大促预热期长
2026-06-18,世界自闭症骄傲日,小众节点,25,
2026-06-19,端午节,大众节日,25,农历五月初五
2026-06-20,世界冲浪日,小众节点,25,
2026-06-21,国际瑜伽日,小众节点,25,
2026-06-21,父亲节,大众节日,25,6月第3个周日
2026-06-21,夏至,二十四节气,25,
2026-06-22,世界失禁周,小众节点,26,近似固定
2026-06-23,国际奥林匹克日,小众节点,26,
2026-06-26,国际禁毒日,小众节点,26,
2026-06-29,世界小王子日,小众节点,27,
2026-07-01,建党节,大众节日,27,
2026-07-05,世界无聊日,小众节点,27,
2026-07-06,国际接吻日,小众节点,28,
2026-07-07,小暑,二十四节气,28,
2026-07-08,全国保险公众宣传日,小众节点,28,
2026-07-08,世界过敏性疾病日,小众节点,28,
2026-07-10,奥特曼之日,小众节点,28,
2026-07-11,中国航海日,小众节点,28,
2026-07-17,世界表情包日,小众节点,29,
2026-07-19,国际冰淇淋日,小众节点,29,
2026-07-23,大暑,二十四节气,30,
2026-07-29,世界爱虎日,小众节点,31,
2026-07-30,国际友谊日,小众节点,31,
2026-07-31,世界巡护员日,小众节点,31,
2026-08-01,建军节,大众节日,31,
2026-08-01,世界母乳喂养周,小众节点,31,8月1-7日
2026-08-06,火把节,大众节日,32,彝族农历六月廿四
2026-08-07,立秋,二十四节气,32,
2026-08-08,全民健身日,大众节日,32,
2026-08-08,国际猫咪日,小众节点,32,
2026-08-12,世界大象日,小众节点,33,
2026-08-13,国际左撇子日,小众节点,33,
2026-08-19,中国医师节,小众节点,34,
2026-08-19,世界摄影日,小众节点,34,
2026-08-19,七夕,大众节日,34,农历七月初七
2026-08-20,世界蚊子日,小众节点,34,
2026-08-20,全球攀岩日,小众节点,34,
2026-08-23,处暑,二十四节气,34,
2026-08-26,世界爱狗日,小众节点,35,
2026-08-27,中元节,大众节日,35,农历七月十五
2026-09-05,中华慈善日,小众节点,36,
2026-09-07,白露,二十四节气,37,
2026-09-10,教师节,大众节日,37,
2026-09-17,世界骑行日,小众节点,38,
2026-09-18,世界水监测日,小众节点,38,
2026-09-20,全国爱牙日,小众节点,38,
2026-09-20,世界清洁地球日,小众节点,38,9月第3个周六
2026-09-21,世界阿尔茨海默病日,小众节点,39,
2026-09-22,世界无车日,小众节点,39,
2026-09-23,中国农民丰收节,小众节点,39,秋分当日
2026-09-23,秋分,二十四节气,39,
2026-09-25,中秋节,大众节日,39,农历八月十五
2026-09-27,世界旅游日,小众节点,39,
2026-09-27,国际聋人日,小众节点,39,9月最后一个周日
2026-09-29,世界心脏日,小众节点,40,
2026-10-01,国庆节,大众节日,40,
2026-10-04,世界动物日,小众节点,40,
2026-10-08,寒露,二十四节气,41,
2026-10-09,世界邮政日,小众节点,41,
2026-10-10,世界精神卫生日,小众节点,41,
2026-10-11,国际女童日,小众节点,41,
2026-10-11,世界候鸟日,小众节点,41,10月第2个周六
2026-10-12,世界关节炎日,小众节点,42,
2026-10-13,世界保健日,小众节点,42,
2026-10-13,国际失败日,小众节点,42,
2026-10-15,国际盲人日,小众节点,42,
2026-10-15,全球洗手日,小众节点,42,
2026-10-16,世界粮食日,小众节点,42,
2026-10-16,粉红绽放日,小众节点,42,
2026-10-17,国家扶贫日,小众节点,42,
2026-10-18,世界更年期关怀日,小众节点,42,
2026-10-18,世界乳腺癌宣传日,小众节点,42,
2026-10-18,重阳节,大众节日,42,农历九月初九
2026-10-20,世界骨质疏松日,小众节点,43,
2026-10-20,世界镇痛日,小众节点,43,10月第3个周一
2026-10-23,国际雪豹日,小众节点,43,
2026-10-23,霜降,二十四节气,43,
2026-10-24,1024程序员节,小众节点,43,
2026-10-26,中国环卫工人节,小众节点,44,
2026-10-27,国际熊猫日,小众节点,44,
2026-10-28,世界动画日,小众节点,44,
2026-10-28,世界男性健康日,小众节点,44,
2026-10-31,万圣节,大众节日,44,
2026-10-31,世界城市日,小众节点,44,
2026-11-01,世界流感日,小众节点,44,
2026-11-07,全民反诈日,小众节点,45,
2026-11-07,立冬,二十四节气,45,
2026-11-09,全国消防日,小众节点,46,
2026-11-11,双11大促,大众节日,46,电商大促预热期长
2026-11-14,联合国糖尿病日,小众节点,46,
2026-11-17,国际肺癌日,小众节点,47,
2026-11-20,世界儿童日,小众节点,47,
2026-11-21,世界问候日,小众节点,47,
2026-11-22,小雪,二十四节气,47,
2026-11-25,国际消除对妇女暴力日,小众节点,48,
2026-11-26,感恩节,大众节日,48,11月第4个周四(周四=3)
2026-11-27,黑色星期五,大众节日,48,感恩节次日
2026-11-29,中国梦想日,小众节点,48,
2026-12-01,世界艾滋病日,小众节点,49,
2026-12-02,全国交通安全日,小众节点,49,
2026-12-03,国际残疾人日,小众节点,49,
2026-12-05,国际志愿者日,小众节点,49,
2026-12-05,世界土壤日,小众节点,49,
2026-12-07,大雪,二十四节气,50,
2026-12-09,世界足球日,小众节点,50,
2026-12-12,双12大促,大众节日,50,电商大促预热期长
2026-12-15,世界强化免疫日,小众节点,51,
2026-12-22,冬至,二十四节气,52,
2026-12-24,平安夜,大众节日,52,
2026-12-25,圣诞节,大众节日,52,
