name,type,calc_type,params,window_before,window_after,notes
元旦,大众节日,fixed_solar,01-01,7,1,
情人节,大众节日,fixed_solar,02-14,7,1,
妇女节,大众节日,fixed_solar,03-08,7,1,
中国植树节,大众节日,fixed_solar,03-12,3,1,
白色情人节,大众节日,fixed_solar,03-14,5,1,
消费者权益保护日,大众节日,fixed_solar,03-15,3,1,
愚人节,大众节日,fixed_solar,04-01,3,1,
劳动节,大众节日,fixed_solar,05-01,7,2,
五四青年节,大众节日,fixed_solar,05-04,5,1,
520网络情人节,大众节日,fixed_solar,05-20,7,1,
儿童节,大众节日,fixed_solar,06-01,7,1,
618大促,电商大促,fixed_solar,06-18,14,3,电商大促预热期长
建党节,大众节日,fixed_solar,07-01,3,1,
建军节,大众节日,fixed_solar,08-01,3,1,
全民健身日,大众节日,fixed_solar,08-08,3,1,
教师节,大众节日,fixed_solar,09-10,5,1,
国庆节,大众节日,fixed_solar,10-01,7,3,
双11大促,电商大促,fixed_solar,11-11,14,3,电商大促预热期长
双12大促,电商大促,fixed_solar,12-12,14,3,电商大促预热期长
平安夜,大众节日,fixed_solar,12-24,3,1,
圣诞节,大众节日,fixed_solar,12-25,7,1,
世界水日,小众节点,fixed_solar,03-22,2,1,
世界地球日,大众节日,fixed_solar,04-22,5,1,
世界读书日,大众节日,fixed_solar,04-23,5,1,
中国航天日,小众节点,fixed_solar,04-24,2,1,
世界知识产权日,小众节点,fixed_solar,04-26,2,1,
世界无烟日,小众节点,fixed_solar,05-31,2,1,
世界海洋日,小众节点,fixed_solar,06-08,2,1,
国际禁毒日,小众节点,fixed_solar,06-26,2,1,
中华慈善日,小众节点,fixed_solar,09-05,2,1,
世界动物日,小众节点,fixed_solar,10-04,2,1,
世界粮食日,小众节点,fixed_solar,10-16,2,1,
世界艾滋病日,小众节点,fixed_solar,12-01,2,1,
国际残疾人日,小众节点,fixed_solar,12-03,2,1,
国际志愿者日,小众节点,fixed_solar,12-05,2,1,
世界湿地日,小众节点,fixed_solar,02-02,2,1,
世界癌症日,小众节点,fixed_solar,02-04,2,1,
国际气象节,小众节点,fixed_solar,02-10,2,1,
国际罕见病日,小众节点,fixed_solar,02-28,2,1,
世界野生动植物日,小众节点,fixed_solar,03-03,2,1,
全国爱耳日,小众节点,fixed_solar,03-03,2,1,
国际数学日,小众节点,fixed_solar,03-14,2,1,
国际航海日,小众节点,fixed_solar,03-17,2,1,
世界回收日,小众节点,fixed_solar,03-18,2,1,
全国爱肝日,小众节点,fixed_solar,03-18,2,1,
国际幸福日,小众节点,fixed_solar,03-20,2,1,
世界口腔健康日,小众节点,fixed_solar,03-20,2,1,
世界睡眠日,小众节点,fixed_solar,03-21,2,1,
世界森林日,小众节点,fixed_solar,03-21,2,1,
世界诗歌日,小众节点,fixed_solar,03-21,2,1,
国际小狗日,小众节点,fixed_solar,03-23,2,1,
世界戏剧日,小众节点,fixed_solar,03-27,2,1,
国际爱鸟日,小众节点,fixed_solar,04-01,2,1,
世界孤独症关注日,小众节点,fixed_solar,04-02,2,1,
世界卫生日,小众节点,fixed_solar,04-07,2,1,
国际珍稀动物保护日,小众节点,fixed_solar,04-08,2,1,
国际护胃日,小众节点,fixed_solar,04-09,2,1,
世界航天日,小众节点,fixed_solar,04-12,2,1,
全国抗癌日,小众节点,fixed_solar,04-15,2,1,
世界嗓音日,小众节点,fixed_solar,04-16,2,1,
国际古迹遗址日,小众节点,fixed_solar,04-18,2,1,
全民饮茶日,小众节点,fixed_solar,04-20,2,1,
联合国中文日,小众节点,fixed_solar,04-20,2,1,
国际导盲犬日,小众节点,fixed_solar,04-29,2,1,
世界微笑日,小众节点,fixed_solar,05-08,2,1,
世界红十字日,小众节点,fixed_solar,05-08,2,1,
中国品牌日,小众节点,fixed_solar,05-10,2,1,
国际护士节,小众节点,fixed_solar,05-12,2,1,
国际家庭日,小众节点,fixed_solar,05-15,2,1,
世界电信日,小众节点,fixed_solar,05-17,2,1,
世界高血压日,小众节点,fixed_solar,05-17,2,1,
全国助残日,小众节点,fixed_solar,05-17,2,1,
国际博物馆日,小众节点,fixed_solar,05-18,2,1,
世界蜜蜂日,小众节点,fixed_solar,05-20,2,1,
国际茶日,小众节点,fixed_solar,05-21,2,1,
国际生物多样性日,小众节点,fixed_solar,05-22,2,1,
525我爱我日,小众节点,fixed_solar,05-25,2,1,
全国护肤日,小众节点,fixed_solar,05-25,2,1,
世界自行车日,小众节点,fixed_solar,06-03,2,1,
世界环境日,小众节点,fixed_solar,06-05,2,1,
全国爱眼日,小众节点,fixed_solar,06-06,2,1,
世界献血者日,小众节点,fixed_solar,06-14,2,1,
世界防治荒漠化与干旱日,小众节点,fixed_solar,06-17,2,1,
世界自闭症骄傲日,小众节点,fixed_solar,06-18,2,1,
世界冲浪日,小众节点,fixed_solar,06-20,2,1,
国际瑜伽日,小众节点,fixed_solar,06-21,2,1,
国际禁毒日,小众节点,fixed_solar,06-26,2,1,
中国航海日,小众节点,fixed_solar,07-11,2,1,
世界表情包日,小众节点,fixed_solar,07-17,2,1,
国际冰淇淋日,小众节点,fixed_solar,07-19,2,1,
国际友谊日,小众节点,fixed_solar,07-30,2,1,
世界大象日,小众节点,fixed_solar,08-12,2,1,
国际左撇子日,小众节点,fixed_solar,08-13,2,1,
中国医师节,小众节点,fixed_solar,08-19,2,1,
世界摄影日,小众节点,fixed_solar,08-19,2,1,
世界爱狗日,小众节点,fixed_solar,08-26,2,1,
教师节,大众节日,fixed_solar,09-10,5,1,
世界骑行日,小众节点,fixed_solar,09-17,2,1,
全国爱牙日,小众节点,fixed_solar,09-20,2,1,
世界阿尔茨海默病日,小众节点,fixed_solar,09-21,2,1,
世界无车日,小众节点,fixed_solar,09-22,2,1,
世界旅游日,小众节点,fixed_solar,09-27,2,1,
世界心脏日,小众节点,fixed_solar,09-29,2,1,
世界精神卫生日,小众节点,fixed_solar,10-10,2,1,
国际女童日,小众节点,fixed_solar,10-11,2,1,
世界关节炎日,小众节点,fixed_solar,10-12,2,1,
国际盲人日,小众节点,fixed_solar,10-15,2,1,
全球洗手日,小众节点,fixed_solar,10-15,2,1,
国家扶贫日,小众节点,fixed_solar,10-17,2,1,
世界更年期关怀日,小众节点,fixed_solar,10-18,2,1,
世界乳腺癌宣传日,小众节点,fixed_solar,10-18,2,1,
世界骨质疏松日,小众节点,fixed_solar,10-20,2,1,
国际雪豹日,小众节点,fixed_solar,10-23,2,1,
1024程序员节,小众节点,fixed_solar,10-24,2,1,
国际熊猫日,小众节点,fixed_solar,10-27,2,1,
世界动画日,小众节点,fixed_solar,10-28,2,1,
世界男性健康日,小众节点,fixed_solar,10-28,2,1,
万圣节,大众节日,fixed_solar,10-31,5,1,
全国消防日,小众节点,fixed_solar,11-09,2,1,
联合国糖尿病日,小众节点,fixed_solar,11-14,2,1,
国际肺癌日,小众节点,fixed_solar,11-17,2,1,
世界儿童日,小众节点,fixed_solar,11-20,2,1,
小雪,二十四节气,solar_term,小雪,1,1,
国际消除对妇女暴力日,小众节点,fixed_solar,11-25,2,1,
世界强化免疫日,小众节点,fixed_solar,12-15,2,1,
世界足球日,小众节点,fixed_solar,12-09,2,1,
全国交通安全日,小众节点,fixed_solar,12-02,2,1,
世界土壤日,小众节点,fixed_solar,12-05,2,1,
母亲节,大众节日,float_solar,5;2;6,7,1,5月第2个周日(周日=6)
父亲节,大众节日,float_solar,6;3;6,7,1,6月第3个周日
感恩节,大众节日,float_solar,11;4;3,5,1,11月第4个周四(周四=3)
黑色星期五,大众节日,float_solar_derived,感恩节+1,5,1,感恩节次日
地球一小时,大众节日,float_solar_last,3;6,3,1,3月最后一个周六(20:30)
世界拥抱日,小众节点,fixed_solar,01-21,2,1,
国际教育日,小众节点,fixed_solar,01-24,2,1,
国际北极熊日,小众节点,fixed_solar,02-27,2,1,
国际枕头大战日,小众节点,fixed_solar,04-02,2,1,
泼水节,大众节日,fixed_solar,04-13,3,3,4月13-15日
三月三,大众节日,lunar,3;3,5,1,农历三月初三
世界痛风日,小众节点,fixed_solar,04-20,2,1,
中国航天日,小众节点,fixed_solar,04-24,2,1,
国际不打小孩日,小众节点,fixed_solar,04-30,2,1,
中华白海豚保护宣传日,小众节点,fixed_solar,05-09,2,1,
525我爱我日,小众节点,fixed_solar,05-25,2,1,
国际儿童失踪日,小众节点,fixed_solar,05-25,2,1,
世界水獭日,小众节点,float_solar,5;last;3,2,1,5月最后一个周三
国际月经日,小众节点,fixed_solar,05-28,2,1,
世界肠道健康日,小众节点,fixed_solar,05-29,2,1,
全国科技工作者日,小众节点,fixed_solar,05-30,2,1,
世界牛奶日,小众节点,fixed_solar,06-01,2,1,
全球跑步日,小众节点,float_solar,6;1;3,2,1,6月第1个周三
文化和自然遗产日,小众节点,float_solar,6;2;6,2,1,6月第2个周六
世界失禁周,小众节点,fixed_solar,06-22,2,1,近似固定
国际奥林匹克日,小众节点,fixed_solar,06-23,2,1,
世界小王子日,小众节点,fixed_solar,06-29,2,1,
建党节,大众节日,fixed_solar,07-01,3,1,
世界无聊日,小众节点,fixed_solar,07-05,2,1,
国际接吻日,小众节点,fixed_solar,07-06,2,1,
全国保险公众宣传日,小众节点,fixed_solar,07-08,2,1,
世界过敏性疾病日,小众节点,fixed_solar,07-08,2,1,
奥特曼之日,小众节点,fixed_solar,07-10,2,1,
世界爱虎日,小众节点,fixed_solar,07-29,2,1,
世界巡护员日,小众节点,fixed_solar,07-31,2,1,
世界母乳喂养周,小众节点,fixed_solar,08-01,2,3,8月1-7日
火把节,大众节日,lunar,6;24,3,1,彝族农历六月廿四
国际猫咪日,小众节点,fixed_solar,08-08,2,1,
世界蚊子日,小众节点,fixed_solar,08-20,2,1,
全球攀岩日,小众节点,fixed_solar,08-20,2,1,
中华慈善日,小众节点,fixed_solar,09-05,2,1,
世界水监测日,小众节点,fixed_solar,09-18,2,1,
世界清洁地球日,小众节点,float_solar,9;3;6,2,1,9月第3个周六
中国农民丰收节,小众节点,solar_term_derived,秋分,2,1,秋分当日
国际聋人日,小众节点,float_solar,9;last;6,2,1,9月最后一个周日
世界邮政日,小众节点,fixed_solar,10-09,2,1,
世界候鸟日,小众节点,float_solar,10;2;6,2,1,10月第2个周六
世界保健日,小众节点,fixed_solar,10-13,2,1,
国际失败日,小众节点,fixed_solar,10-13,2,1,
粉红绽放日,小众节点,fixed_solar,10-16,2,1,
世界镇痛日,小众节点,float_solar,10;3;1,2,1,10月第3个周一
中国环卫工人节,小众节点,fixed_solar,10-26,2,1,
世界城市日,小众节点,fixed_solar,10-31,2,1,
世界流感日,小众节点,fixed_solar,11-01,2,1,
全民反诈日,小众节点,fixed_solar,11-07,2,1,
世界问候日,小众节点,fixed_solar,11-21,2,1,
中国梦想日,小众节点,fixed_solar,11-29,2,1,
小寒,二十四节气,solar_term,小寒,1,1,
大寒,二十四节气,solar_term,大寒,1,1,
立春,二十四节气,solar_term,立春,1,1,
雨水,二十四节气,solar_term,雨水,1,1,
惊蛰,二十四节气,solar_term,惊蛰,1,1,
春分,二十四节气,solar_term,春分,1,1,
清明,二十四节气,solar_term,清明,3,1,同时为法定假日
谷雨,二十四节气,solar_term,谷雨,1,1,
立夏,二十四节气,solar_term,立夏,1,1,
小满,二十四节气,solar_term,小满,1,1,
芒种,二十四节气,solar_term,芒种,1,1,
夏至,二十四节气,solar_term,夏至,1,1,
小暑,二十四节气,solar_term,小暑,1,1,
大暑,二十四节气,solar_term,大暑,1,1,
立秋,二十四节气,solar_term,立秋,1,1,
处暑,二十四节气,solar_term,处暑,1,1,
白露,二十四节气,solar_term,白露,1,1,
秋分,二十四节气,solar_term,秋分,1,1,
寒露,二十四节气,solar_term,寒露,1,1,
霜降,二十四节气,solar_term,霜降,1,1,
立冬,二十四节气,solar_term,立冬,1,1,
大雪,二十四节气,solar_term,大雪,1,1,
冬至,二十四节气,solar_term,冬至,1,1,
春节,大众节日,lunar,1;1,7,3,农历正月初一
除夕,大众节日,lunar_derived,春节-1,5,1,春节前一天
元宵节,大众节日,lunar,1;15,5,1,农历正月十五
龙抬头,大众节日,lunar,2;2,5,1,农历二月初二
端午节,大众节日,lunar,5;5,7,2,农历五月初五
七夕,大众节日,lunar,7;7,7,1,农历七月初七
中元节,大众节日,lunar,7;15,3,1,农历七月十五
中秋节,大众节日,lunar,8;15,7,2,农历八月十五
重阳节,大众节日,lunar,9;9,5,1,农历九月初九
返工季,大众节日,lunar_derived,春节+8,3,2,春节后第一个工作日约正月初八前后
年货节,电商大促,fixed_solar,01-19,3,45,商务部指导全国网上年货节，持续至3月4日前后
618预售启动,电商大促,fixed_solar,05-21,3,28,各平台不一（抖音5月15日/天猫拼多多5月21日左右），持续至618大促
99大促,电商大促,fixed_solar,09-05,3,10,开学季+中秋礼赠预热，下半年首个大促
双11预售启动,电商大促,fixed_solar,10-20,3,22,天猫抖音10月中旬起，持续至双11大促
